,Unnamed: 0.6,Unnamed: 0.5,Unnamed: 0.4,Unnamed: 0.3,Unnamed: 0.2,Unnamed: 0.1,Unnamed: 0,prices,streets,cities,floors,sizes,terraces,floors_in_building,parkings,aircondition,bars,elevators,water_headers,accessibility,shelters,storages,tadiran,furnitures,status,time_enter,sea_view,sukka,construction_evacuation,2010,2011,2012,2013,2014,2015,2016,2017,2018,2019,2020,2021,2022,2023
0,0,0,0,0,0,0,0,1250000.0,אברבנאל,1,0,70,0,2,0,1.0,0.0,0.0,0.0,0.0,0.0,1.0,0.0,0.0,2,1,0,0,0,635649.0,737500.0,855670.0,902451.0,690000.0,760478.0,913780.0,855658.0,580000.0,562375.0,683344.0,800000.0,895250.0,1050445
1,1,4,4,4,4,4,4,1250000.0,אורן 35,3,6,57,0,1,0,1.0,1.0,1.0,1.0,1.0,0.0,0.0,1.0,1.0,3,2,1,0,0,650000.0,782629.0,908030.0,957674.0,960000.0,1150000.0,946000.0,1075000.0,1144739.0,1109953.0,890000.0,772500.0,875356.0,1270000
2,2,5,5,5,5,5,5,1030000.0,אחוה,4,4,65,2,4,0,1.0,1.0,0.0,1.0,0.0,0.0,0.0,0.0,1.0,2,1,0,0,0,400000.0,463333.0,451752.0,471000.0,616468.0,623750.0,757500.0,820000.0,694000.0,710000.0,862724.0,644333.0,867500.0,1005000
3,3,7,7,7,7,7,7,829000.0,אחוה,4,4,65,0,0,0,1.0,1.0,0.0,1.0,0.0,0.0,0.0,1.0,1.0,0,0,0,0,0,400000.0,463333.0,451752.0,471000.0,616468.0,623750.0,757500.0,820000.0,694000.0,710000.0,862724.0,644333.0,867500.0,1005000
4,4,12,12,12,12,12,12,1150000.0,אינטרנשיונל,7,4,75,1,4,1,1.0,1.0,1.0,1.0,1.0,1.0,1.0,1.0,1.0,4,2,0,0,0,475000.0,520000.0,530000.0,600000.0,723333.0,797216.0,957924.0,850000.0,905143.0,860000.0,1015000.0,911250.0,1301333.0,1650000
5,5,13,13,13,13,13,13,1490000.0,אצל,8,2,85,0,0,0,0.0,0.0,0.0,0.0,0.0,0.0,0.0,0.0,0.0,0,0,0,0,0,311825.0,361790.0,555000.0,585343.0,585000.0,718000.0,862739.0,807863.0,860272.0,1060000.0,1288010.0,900000.0,1115000.0,1308289
6,6,16,16,16,16,16,16,1250000.0,ארלוזורוב 81,8,1,70,1,4,0,0.0,1.0,0.0,1.0,0.0,0.0,0.0,0.0,1.0,2,2,0,0,0,731695.0,405060.0,423827.0,494108.0,610714.0,573427.0,619200.0,593181.0,1019375.0,618333.0,750000.0,750066.0,824651.0,890000
7,7,21,21,21,21,21,21,960000.0,בצלאל,12,1,60,0,3,0,0.0,0.0,0.0,0.0,0.0,0.0,0.0,0.0,0.0,3,2,0,0,0,360000.0,410000.0,474500.0,500441.0,472500.0,850000.0,1021348.0,412000.0,600000.0,581767.0,852000.0,904000.0,935375.0,1077000
8,8,22,22,22,22,22,22,1100000.0,בצלאל,12,1,90,1,3,0,1.0,1.0,0.0,1.0,1.0,0.0,0.0,0.0,1.0,3,0,0,0,0,360000.0,410000.0,474500.0,500441.0,472500.0,850000.0,1021348.0,412000.0,600000.0,581767.0,852000.0,904000.0,935375.0,1077000
9,9,25,25,25,25,25,25,1220000.0,ברנר 13,7,1,48,1,0,0,1.0,0.0,0.0,0.0,0.0,0.0,0.0,0.0,0.0,2,0,0,0,4,510674.0,592500.0,687436.0,725019.0,767494.0,845887.0,1016406.0,951756.0,1013500.0,982702.0,803000.0,970000.0,1112500.0,1305356
10,10,27,27,27,27,27,27,860000.0,בשור 122,14,1,73,0,8,0,1.0,0.0,0.0,1.0,0.0,1.0,1.0,0.0,1.0,3,1,1,0,0,336140.0,390000.0,452489.0,477227.0,515000.0,548500.0,659070.0,617149.0,657186.0,637215.0,774282.0,575400.0,601666.0,705967
11,11,28,28,28,28,28,28,890000.0,בשור 122,14,2,73,0,8,0,0.0,0.0,0.0,0.0,0.0,0.0,0.0,0.0,1.0,3,1,1,0,0,336140.0,390000.0,452489.0,477227.0,515000.0,548500.0,659070.0,617149.0,657186.0,637215.0,774282.0,575400.0,601666.0,705967
12,12,30,30,30,30,30,30,950000.0,גאולה,12,0,75,1,4,0,1.0,1.0,0.0,1.0,0.0,0.0,0.0,0.0,0.0,3,2,0,0,0,370000.0,451333.0,450000.0,515000.0,686666.0,774666.0,930828.0,651164.0,693407.0,672336.0,1016964.0,691500.0,871407.0,1200000
13,13,33,33,33,33,33,33,1700000.0,גולומב אליהו,16,9,90,0,9,0,1.0,0.0,1.0,0.0,0.0,0.0,1.0,0.0,0.0,1,2,0,0,0,545750.0,470600.0,518096.0,580000.0,955000.0,826966.0,835000.0,913750.0,1060000.0,1027789.0,1248871.0,1054166.0,959925.0,1126331
14,14,34,34,34,34,34,34,1700000.0,גולומב אליהו 23,16,9,90,0,9,0,1.0,0.0,1.0,0.0,0.0,0.0,1.0,0.0,0.0,1,2,0,0,0,545750.0,470600.0,518096.0,580000.0,955000.0,826966.0,835000.0,913750.0,1060000.0,1027789.0,1248871.0,1054166.0,959925.0,1126331
15,15,35,35,35,35,35,35,1250000.0,גולומב אליהו 8,16,3,75,1,3,0,0.0,0.0,0.0,1.0,0.0,0.0,0.0,0.0,0.0,3,2,0,0,0,545750.0,470600.0,518096.0,580000.0,955000.0,826966.0,835000.0,913750.0,1060000.0,1027789.0,1248871.0,1054166.0,959925.0,1126331
16,16,36,36,36,36,36,36,1200000.0,גולומב אליהו 8,16,1,90,1,3,0,1.0,1.0,0.0,1.0,0.0,0.0,0.0,0.0,0.0,3,2,0,0,0,545750.0,470600.0,518096.0,580000.0,955000.0,826966.0,835000.0,913750.0,1060000.0,1027789.0,1248871.0,1054166.0,959925.0,1126331
17,17,38,38,38,38,38,38,1240000.0,גיורא בר,16,1,100,1,4,0,1.0,0.0,0.0,0.0,0.0,0.0,0.0,0.0,0.0,2,0,0,0,0,374575.0,508500.0,595000.0,528750.0,665000.0,674540.0,713000.0,526666.0,560833.0,803333.0,755000.0,747416.0,893400.0,1125000
18,18,39,39,39,39,39,39,1282230.0,גיורא בר 17,16,1,60,0,4,0,1.0,1.0,0.0,1.0,0.0,0.0,0.0,0.0,0.0,3,1,0,0,0,485000.0,583962.0,677530.0,714572.0,756435.0,833699.0,1001761.0,938043.0,998897.0,715000.0,868799.0,917317.0,1039455.0,1219648
19,19,42,42,42,42,42,42,2850000.0,גלים בת,17,1,82,2,4,1,1.0,0.0,1.0,1.0,1.0,1.0,0.0,1.0,0.0,4,2,0,0,0,581841.0,675070.0,711978.0,753690.0,830675.0,998129.0,934643.0,995278.0,965034.0,1172618.0,1238104.0,1402955.0,1646164.0,1931533
20,20,43,43,43,43,43,43,2300000.0,גלים בת,17,1,77,0,0,0,0.0,0.0,1.0,0.0,1.0,1.0,0.0,0.0,0.0,0,0,0,0,0,581841.0,675070.0,711978.0,753690.0,830675.0,998129.0,934643.0,995278.0,965034.0,1172618.0,1238104.0,1402955.0,1646164.0,1931533
21,21,44,44,44,44,44,44,1650000.0,גלים בת,17,4,75,1,4,1,1.0,1.0,1.0,1.0,1.0,1.0,1.0,1.0,1.0,2,2,0,0,0,581841.0,675070.0,711978.0,753690.0,830675.0,998129.0,934643.0,995278.0,965034.0,1172618.0,1238104.0,1402955.0,1646164.0,1931533
22,22,47,47,47,47,47,47,1250000.0,דגניה,1,1,60,0,4,0,0.0,0.0,0.0,0.0,0.0,0.0,0.0,0.0,0.0,3,1,0,0,0,299857.0,394600.0,385000.0,405714.0,479500.0,534428.0,535000.0,537500.0,635000.0,562500.0,617812.0,609279.0,831613.0,996666
23,23,49,49,49,49,49,49,930000.0,דגניה,1,0,60,0,1,0,0.0,1.0,0.0,0.0,0.0,0.0,0.0,0.0,0.0,1,2,0,0,0,299857.0,394600.0,385000.0,405714.0,479500.0,534428.0,535000.0,537500.0,635000.0,562500.0,617812.0,609279.0,831613.0,996666
24,24,50,50,50,50,50,50,899000.0,דגניה,1,4,60,0,4,0,1.0,0.0,0.0,1.0,0.0,0.0,0.0,1.0,0.0,3,2,0,0,0,299857.0,394600.0,385000.0,405714.0,479500.0,534428.0,535000.0,537500.0,635000.0,562500.0,617812.0,609279.0,831613.0,996666
25,25,51,51,51,51,51,51,1280000.0,דגניה,1,1,60,0,4,0,1.0,0.0,0.0,1.0,0.0,0.0,0.0,0.0,0.0,3,1,0,0,0,299857.0,394600.0,385000.0,405714.0,479500.0,534428.0,535000.0,537500.0,635000.0,562500.0,617812.0,609279.0,831613.0,996666
26,26,52,52,52,52,52,52,975000.0,דגניה 19,1,0,55,0,1,0,1.0,1.0,0.0,1.0,1.0,0.0,1.0,1.0,1.0,3,1,0,0,0,378239.0,438845.0,462838.0,489954.0,540000.0,595157.0,715132.0,520000.0,553734.0,536907.0,652398.0,688831.0,780546.0,915856
27,27,53,53,53,53,53,53,1249000.0,דובנוב,7,2,75,0,6,0,0.0,0.0,0.0,0.0,0.0,0.0,0.0,0.0,0.0,2,0,0,0,0,520000.0,560000.0,671333.0,615000.0,795000.0,787500.0,1092500.0,915000.0,891970.0,914106.0,963000.0,968250.0,1097142.0,1287336
28,28,54,54,54,54,54,54,1490000.0,דובנוב 7,7,0,62,0,5,0,1.0,0.0,0.0,0.0,0.0,0.0,0.0,0.0,0.0,2,1,0,0,0,404152.0,468910.0,494547.0,523521.0,576995.0,693310.0,649212.0,691330.0,670323.0,814513.0,860000.0,1017500.0,1050000.0,1232021
29,29,61,61,61,61,61,61,1480000.0,דרך אלנבי 110,15,4,65,0,4,0,1.0,0.0,0.0,1.0,0.0,0.0,0.0,0.0,0.0,0,2,0,0,0,339323.0,438443.0,463916.0,516056.0,640888.0,624592.0,697000.0,730034.0,805794.0,937034.0,777240.0,820645.0,929911.0,1091114
30,30,63,63,63,63,63,63,990000.0,דרך אלנבי 74,18,3,70,0,4,0,1.0,0.0,0.0,1.0,0.0,0.0,0.0,0.0,1.0,2,1,0,0,0,353377.0,410000.0,560000.0,590616.0,650000.0,550000.0,660872.0,618836.0,658982.0,788800.0,958474.0,1012000.0,1146745.0,1345537
31,31,64,64,64,64,64,64,700000.0,הגיבורים,8,1,72,1,3,0,1.0,0.0,0.0,1.0,0.0,0.0,0.0,1.0,0.0,3,2,0,0,0,237021.0,275000.0,250000.0,412500.0,484500.0,420000.0,504666.0,472566.0,503223.0,710000.0,862724.0,780000.0,883854.0,1037073
32,32,70,70,70,70,70,70,1550000.0,הגנים,18,4,66,1,6,1,1.0,0.0,1.0,0.0,1.0,1.0,0.0,0.0,0.0,4,1,0,0,0,483306.0,560747.0,591405.0,626053.0,690000.0,760478.0,913780.0,855658.0,1275575.0,1236813.0,1502857.0,900000.0,1869500.0,2193585
33,33,71,71,71,71,71,71,1650000.0,הגנים,18,5,65,1,6,0,0.0,0.0,1.0,0.0,0.0,0.0,0.0,0.0,0.0,4,0,0,0,0,483306.0,560747.0,591405.0,626053.0,690000.0,760478.0,913780.0,855658.0,1275575.0,1236813.0,1502857.0,900000.0,1869500.0,2193585
34,34,72,72,72,72,72,72,1346666.0,הגנים 14,18,4,54,0,7,1,1.0,0.0,1.0,1.0,0.0,1.0,0.0,0.0,0.0,4,1,0,0,0,483306.0,560747.0,591405.0,626053.0,690000.0,760478.0,913780.0,855658.0,1275575.0,1236813.0,1502857.0,900000.0,1869500.0,2193585
35,35,73,73,73,73,73,73,1640000.0,הגנים 14,18,5,62,1,5,1,1.0,0.0,1.0,0.0,1.0,1.0,0.0,0.0,0.0,4,2,0,0,0,483306.0,560747.0,591405.0,626053.0,690000.0,760478.0,913780.0,855658.0,1275575.0,1236813.0,1502857.0,900000.0,1869500.0,2193585
36,36,76,76,76,76,76,76,1690000.0,החיל,17,5,75,1,7,0,0.0,0.0,1.0,1.0,1.0,1.0,1.0,0.0,1.0,3,0,0,0,0,540000.0,466250.0,480000.0,775777.0,896000.0,630000.0,756999.0,708849.0,754835.0,731897.0,889331.0,1250000.0,880000.0,1032551
37,37,77,77,77,77,77,77,740000.0,החלוץ 3,9,2,70,2,3,0,1.0,0.0,0.0,0.0,0.0,0.0,0.0,0.0,0.0,3,2,0,0,0,210000.0,252849.0,293363.0,309401.0,327527.0,377000.0,452998.0,424184.0,451702.0,430000.0,522495.0,551674.0,625127.0,733495
38,38,78,78,78,78,78,78,1400000.0,החשמונאים,16,1,70,0,2,0,1.0,0.0,0.0,0.0,0.0,0.0,0.0,0.0,0.0,3,1,1,0,0,500000.0,885000.0,1026804.0,1082941.0,816966.0,900413.0,1081924.0,956000.0,950000.0,1323500.0,1608191.0,1005000.0,1285000.0,1507759
39,39,79,79,79,79,79,79,1450000.0,החשמונאים,16,1,80,0,2,0,1.0,0.0,0.0,1.0,0.0,0.0,0.0,0.0,0.0,2,0,1,0,0,500000.0,885000.0,1026804.0,1082941.0,816966.0,900413.0,1081924.0,956000.0,950000.0,1323500.0,1608191.0,1005000.0,1285000.0,1507759
40,40,80,80,80,80,80,80,1400000.0,החשמונאים 1,20,2,67,0,2,0,0.0,0.0,0.0,0.0,0.0,0.0,0.0,0.0,0.0,1,2,1,0,0,463022.0,537213.0,566584.0,599778.0,661041.0,794299.0,743778.0,792031.0,767964.0,933157.0,985270.0,1116457.0,1310000.0,1537093
41,41,81,81,81,81,81,81,1070000.0,החשמל,21,4,60,0,4,1,1.0,0.0,1.0,1.0,1.0,1.0,1.0,0.0,1.0,3,2,0,0,0,271666.0,296222.0,366000.0,387857.0,434434.0,432909.0,527375.0,565000.0,642500.0,592500.0,696000.0,616410.0,775249.0,465000
42,42,82,82,82,82,82,82,969180.0,החשמל 11,21,3,44,0,4,1,1.0,0.0,1.0,1.0,0.0,1.0,0.0,0.0,1.0,4,2,0,0,0,250000.0,301011.0,327500.0,430000.0,455191.0,501685.0,602818.0,564475.0,601094.0,575000.0,698685.0,737703.0,725000.0,850681
43,43,83,83,83,83,83,83,1475000.0,הים דרך,6,2,60,1,3,1,1.0,0.0,1.0,1.0,1.0,1.0,1.0,1.0,0.0,4,0,0,0,0,755666.0,952785.0,966666.0,935000.0,989777.0,1090875.0,1200000.0,1060000.0,1128766.0,1206000.0,1178638.0,1268062.0,1343823.0,1576780
44,44,84,84,84,84,84,84,1520000.0,הים דרך,8,2,100,0,2,0,1.0,0.0,0.0,1.0,0.0,0.0,0.0,1.0,1.0,3,0,1,0,0,755666.0,952785.0,966666.0,935000.0,989777.0,1090875.0,1200000.0,1060000.0,1128766.0,1206000.0,1178638.0,1268062.0,1343823.0,1576780
45,45,85,85,85,85,85,85,1770000.0,הים דרך,8,1,98,1,2,0,1.0,0.0,0.0,0.0,0.0,0.0,0.0,0.0,0.0,3,1,0,0,0,755666.0,952785.0,966666.0,935000.0,989777.0,1090875.0,1200000.0,1060000.0,1128766.0,1206000.0,1178638.0,1268062.0,1343823.0,1576780
46,46,87,87,87,87,87,87,730000.0,הירדן,8,2,65,0,3,0,1.0,1.0,0.0,1.0,0.0,0.0,0.0,1.0,0.0,3,1,0,0,0,238093.0,317666.0,271475.0,452500.0,480000.0,504166.0,450000.0,460000.0,495000.0,565000.0,686534.0,602500.0,722857.0,848167
47,47,89,89,89,89,89,89,949000.0,הלל,16,3,75,0,0,0,1.0,0.0,0.0,0.0,0.0,0.0,0.0,0.0,1.0,0,0,0,0,0,444143.0,459285.0,578437.0,596767.0,587500.0,693888.0,681000.0,565000.0,711405.0,951250.0,742333.0,797750.0,780875.0,1207500
48,48,91,91,91,91,91,91,890000.0,הלל,16,4,75,0,4,0,1.0,0.0,0.0,0.0,0.0,0.0,0.0,0.0,0.0,3,1,0,0,0,444143.0,459285.0,578437.0,596767.0,587500.0,693888.0,681000.0,565000.0,711405.0,951250.0,742333.0,797750.0,780875.0,1207500
49,49,92,92,92,92,92,92,850000.0,הלל,22,0,70,2,3,0,1.0,0.0,0.0,1.0,0.0,0.0,0.0,1.0,0.0,2,2,0,0,0,444143.0,459285.0,578437.0,596767.0,587500.0,693888.0,681000.0,565000.0,711405.0,951250.0,742333.0,797750.0,780875.0,1207500
50,50,93,93,93,93,93,93,969833.0,הלל 48,22,1,65,2,4,0,1.0,0.0,0.0,1.0,0.0,0.0,0.0,1.0,1.0,3,1,0,0,0,416873.0,483670.0,510114.0,540000.0,571635.0,630023.0,757027.0,708875.0,754862.0,731923.0,889363.0,939029.0,1064058.0,1248516
51,51,95,95,95,95,95,95,1230000.0,המגינים,18,3,80,0,7,0,1.0,0.0,1.0,1.0,1.0,0.0,0.0,0.0,0.0,2,0,0,0,0,475000.0,460000.0,580049.0,597132.0,641833.0,708851.0,767500.0,650827.0,900318.0,950000.0,1154349.0,659666.0,889966.0,1044245
52,52,96,96,96,96,96,96,1290000.0,המגינים,4,8,70,0,9,1,1.0,0.0,1.0,0.0,1.0,0.0,0.0,0.0,0.0,2,1,0,0,0,475000.0,460000.0,580049.0,597132.0,641833.0,708851.0,767500.0,650827.0,900318.0,950000.0,1154349.0,659666.0,889966.0,1044245
53,53,97,97,97,97,97,97,1249000.0,המגינים,4,9,70,0,9,0,1.0,0.0,1.0,1.0,1.0,0.0,0.0,0.0,0.0,2,0,0,0,0,475000.0,460000.0,580049.0,597132.0,641833.0,708851.0,767500.0,650827.0,900318.0,950000.0,1154349.0,659666.0,889966.0,1044245
54,54,98,98,98,98,98,98,1250000.0,המגינים,4,2,75,0,4,0,1.0,1.0,0.0,1.0,0.0,0.0,1.0,1.0,0.0,3,0,0,0,0,475000.0,460000.0,580049.0,597132.0,641833.0,708851.0,767500.0,650827.0,900318.0,950000.0,1154349.0,659666.0,889966.0,1044245
55,55,101,101,101,101,101,101,1270000.0,המלכה אסתר,23,1,75,0,3,0,1.0,0.0,0.0,0.0,0.0,0.0,0.0,0.0,0.0,3,2,0,0,0,274370.0,318333.0,400000.0,550000.0,520000.0,590000.0,710000.0,664839.0,707969.0,686455.0,834114.0,944166.0,928400.0,1089341
56,56,102,102,102,102,102,102,1280000.0,המלכה אסתר 4,23,4,54,0,4,0,0.0,0.0,0.0,1.0,0.0,0.0,1.0,0.0,0.0,2,2,1,0,0,452050.0,524483.0,553158.0,585565.0,645377.0,775477.0,726153.0,773262.0,749765.0,911044.0,961922.0,1090000.0,580000.0,680545
57,57,103,103,103,103,103,103,1270000.0,המעפילים,15,2,60,0,3,0,1.0,0.0,0.0,1.0,0.0,0.0,0.0,0.0,0.0,2,0,0,0,0,425000.0,469188.0,424000.0,447181.0,586666.0,600000.0,673000.0,630193.0,670000.0,680000.0,857500.0,747777.0,762700.0,894917
58,58,107,107,107,107,107,107,1200000.0,הנביאים,8,2,75,0,0,0,0.0,0.0,0.0,0.0,0.0,0.0,0.0,0.0,0.0,0,0,0,0,0,373320.0,449494.0,521516.0,550028.0,582251.0,641723.0,771085.0,740000.0,788006.0,764060.0,928412.0,478333.0,542021.0,580000
59,59,108,108,108,108,108,108,1450000.0,הנוטר,26,2,100,1,3,1,1.0,0.0,0.0,1.0,0.0,0.0,1.0,0.0,1.0,3,2,0,0,0,517138.0,600000.0,696138.0,734197.0,745000.0,821096.0,986618.0,810000.0,862548.0,836337.0,1143333.0,642500.0,718750.0,843348
60,60,110,110,110,110,110,110,1520000.0,הנשיא,27,0,90,0,3,0,1.0,0.0,0.0,0.0,1.0,0.0,0.0,0.0,0.0,2,2,0,0,0,1273884.0,1478000.0,1085000.0,1127987.0,1194070.0,1316035.0,1997500.0,1870447.0,1991790.0,1400000.0,1343750.0,1415000.0,1580857.0,1854904
61,61,111,111,111,111,111,111,2480000.0,הנשיא,8,12,0,0,2,1,1.0,1.0,1.0,0.0,1.0,0.0,1.0,1.0,0.0,3,0,0,0,0,1273884.0,1478000.0,1085000.0,1127987.0,1194070.0,1316035.0,1997500.0,1870447.0,1991790.0,1400000.0,1343750.0,1415000.0,1580857.0,1854904
62,62,112,112,112,112,112,112,4280000.0,הנשיא,27,1,0,1,8,1,1.0,0.0,1.0,1.0,1.0,1.0,1.0,1.0,1.0,4,1,0,0,0,1273884.0,1478000.0,1085000.0,1127987.0,1194070.0,1316035.0,1997500.0,1870447.0,1991790.0,1400000.0,1343750.0,1415000.0,1580857.0,1854904
63,63,113,113,113,113,113,113,1580000.0,הנשיא,28,3,0,0,4,0,0.0,0.0,0.0,0.0,0.0,0.0,0.0,0.0,0.0,2,2,0,0,0,1273884.0,1478000.0,1085000.0,1127987.0,1194070.0,1316035.0,1997500.0,1870447.0,1991790.0,1400000.0,1343750.0,1415000.0,1580857.0,1854904
64,64,115,115,115,115,115,115,3300000.0,הנשיא,27,1,0,2,8,1,1.0,0.0,1.0,1.0,1.0,1.0,1.0,1.0,0.0,4,2,0,0,0,1273884.0,1478000.0,1085000.0,1127987.0,1194070.0,1316035.0,1997500.0,1870447.0,1991790.0,1400000.0,1343750.0,1415000.0,1580857.0,1854904
65,65,117,117,117,117,117,117,1350000.0,הס,16,2,80,0,3,0,1.0,0.0,0.0,0.0,0.0,0.0,0.0,0.0,0.0,3,0,0,0,0,567000.0,558333.0,545000.0,636066.0,552500.0,761875.0,915458.0,850000.0,580000.0,766899.0,825000.0,851400.0,924166.0,1084373
66,66,118,118,118,118,118,118,1080000.0,העברי הגדוד 107,26,0,68,1,3,0,1.0,1.0,0.0,1.0,1.0,1.0,1.0,1.0,0.0,3,1,0,0,0,734048.0,851666.0,1150000.0,800000.0,670000.0,1150000.0,1381824.0,1293932.0,895000.0,1095000.0,1101666.0,1457750.0,510000.0,598410
67,67,120,120,120,120,120,120,1250000.0,העצמאות דרך,24,4,70,0,8,0,1.0,0.0,1.0,0.0,1.0,1.0,0.0,0.0,0.0,4,2,0,0,0,577127.0,669601.0,706210.0,747584.0,823945.0,990042.0,927070.0,987214.0,1090444.0,1260000.0,1104666.0,1166356.0,1321653.0,1550766
68,68,124,124,124,124,124,124,890000.0,הפועל,16,4,75,0,4,0,1.0,0.0,0.0,1.0,0.0,0.0,1.0,0.0,1.0,2,1,0,0,0,308953.0,358457.0,378055.0,400204.0,441083.0,530000.0,780000.0,730387.0,805000.0,780538.0,948435.0,600000.0,795000.0,932816
69,69,129,129,129,129,129,129,1190000.0,הפרחים 1,3,10,52,0,3,0,1.0,0.0,1.0,1.0,1.0,0.0,0.0,0.0,0.0,3,1,0,0,0,583289.0,676750.0,785186.0,828113.0,940000.0,913650.0,1097829.0,1028000.0,1094690.0,1061425.0,870000.0,956666.0,1048000.0,1229675
70,70,130,130,130,130,130,130,1250000.0,הפרטיזנים,15,3,56,0,4,0,1.0,0.0,0.0,0.0,0.0,0.0,0.0,0.0,0.0,2,2,0,0,0,280000.0,430000.0,430000.0,485000.0,513413.0,565854.0,705000.0,660158.0,760000.0,736905.0,850000.0,655000.0,781000.0,1150000
71,71,132,132,132,132,132,132,1170000.0,הפרטיזנים,15,1,60,1,4,0,1.0,0.0,0.0,1.0,0.0,0.0,0.0,1.0,0.0,2,0,0,0,0,280000.0,430000.0,430000.0,485000.0,513413.0,565854.0,705000.0,660158.0,760000.0,736905.0,850000.0,655000.0,781000.0,1150000
72,72,135,135,135,135,135,135,1380000.0,הצלפים,30,1,65,0,4,0,1.0,0.0,0.0,0.0,0.0,0.0,0.0,0.0,0.0,2,1,0,0,0,818500.0,985511.0,830000.0,875377.0,926661.0,1021312.0,1210000.0,1133037.0,1206541.0,1169877.0,1421523.0,1131000.0,1281589.0,1503757
73,73,136,136,136,136,136,136,1290000.0,הצלפים,8,3,65,0,3,1,1.0,0.0,0.0,0.0,0.0,0.0,0.0,0.0,0.0,3,1,0,0,0,818500.0,985511.0,830000.0,875377.0,926661.0,1021312.0,1210000.0,1133037.0,1206541.0,1169877.0,1421523.0,1131000.0,1281589.0,1503757
74,74,137,137,137,137,137,137,1130000.0,הראל,30,2,87,0,4,1,1.0,0.0,0.0,1.0,0.0,1.0,0.0,1.0,0.0,3,1,1,0,0,939800.0,1090386.0,1150000.0,1212873.0,1283929.0,1415072.0,1270000.0,1189220.0,1266369.0,900000.0,940000.0,992494.0,1124641.0,1319602
75,75,139,139,139,139,139,139,780000.0,הרב אוחנה,31,1,68,0,1,0,1.0,1.0,0.0,1.0,0.0,0.0,0.0,0.0,0.0,3,2,0,0,0,245640.0,285000.0,300000.0,260000.0,275232.0,303344.0,500000.0,468197.0,498570.0,483419.0,587404.0,620207.0,702785.0,824615
76,76,140,140,140,140,140,140,850000.0,הרב אוחנה,32,1,70,0,6,0,0.0,1.0,0.0,1.0,0.0,0.0,0.0,1.0,1.0,3,0,0,0,0,245640.0,285000.0,300000.0,260000.0,275232.0,303344.0,500000.0,468197.0,498570.0,483419.0,587404.0,620207.0,702785.0,824615
77,77,141,141,141,141,141,141,775000.0,הרב אוחנה 37,31,1,68,0,2,0,1.0,1.0,0.0,0.0,0.0,0.0,0.0,0.0,0.0,3,2,0,0,0,262878.0,305000.0,353870.0,373216.0,395080.0,435434.0,500000.0,468197.0,498570.0,483419.0,587404.0,620207.0,702785.0,824615
78,78,143,143,143,143,143,143,1570000.0,הרותם 25,33,2,55,0,4,0,1.0,0.0,0.0,0.0,0.0,0.0,0.0,0.0,0.0,3,1,0,0,0,515000.0,611666.0,673333.0,710145.0,751748.0,687125.0,867500.0,992500.0,700000.0,1080000.0,1185000.0,1042750.0,1330000.0,1400000
79,79,144,144,144,144,144,144,1150000.0,הרצוג הרב 2,13,1,80,1,3,0,1.0,0.0,0.0,1.0,0.0,0.0,0.0,0.0,0.0,3,1,0,0,0,462838.0,537000.0,623043.0,657106.0,695602.0,766652.0,921198.0,862604.0,780000.0,895000.0,875000.0,1000000.0,835000.0,990000
80,80,147,147,147,147,147,147,695000.0,השומר,31,1,90,0,3,0,0.0,0.0,0.0,1.0,0.0,0.0,1.0,0.0,0.0,2,2,0,0,0,215000.0,280000.0,201166.0,450000.0,405000.0,446367.0,395075.0,505000.0,485000.0,360833.0,505000.0,676000.0,689375.0,808880
81,81,150,150,150,150,150,150,1545000.0,השניה העליה,17,2,55,0,3,0,1.0,0.0,0.0,1.0,0.0,0.0,0.0,1.0,1.0,3,1,0,0,4,555253.0,505375.0,552568.0,643750.0,701333.0,665000.0,809333.0,753333.0,802204.0,777826.0,834352.0,1105000.0,1253000.0,521000
82,82,152,152,152,152,152,152,1690000.0,השניה העליה,17,3,70,0,3,0,1.0,0.0,0.0,0.0,0.0,0.0,0.0,0.0,1.0,3,2,0,0,4,555253.0,505375.0,552568.0,643750.0,701333.0,665000.0,809333.0,753333.0,802204.0,777826.0,834352.0,1105000.0,1253000.0,521000
83,83,153,153,153,153,153,153,1890000.0,השניה העליה 17,17,2,0,1,3,0,1.0,1.0,0.0,1.0,0.0,0.0,0.0,1.0,1.0,2,2,0,0,0,470913.0,546368.0,576240.0,610000.0,645736.0,620000.0,744983.0,697597.0,742853.0,720279.0,306667.0,323792.0,1450000.0,1701363
84,84,155,155,155,155,155,155,1951875.0,השרון,17,4,92,1,6,1,1.0,0.0,1.0,1.0,1.0,1.0,1.0,0.0,1.0,4,1,1,0,0,730000.0,880379.0,820000.0,864831.0,915497.0,1145000.0,1400000.0,1310952.0,1395999.0,1231231.0,1496074.0,1603000.0,1816435.0,2131321
86,86,157,157,157,157,157,157,1670000.0,התיכון,10,3,95,2,3,0,0.0,0.0,1.0,1.0,1.0,0.0,1.0,0.0,0.0,2,2,0,0,0,785000.0,933850.0,695000.0,882500.0,934201.0,1047500.0,1390000.0,1223333.0,1241666.0,1110000.0,1194250.0,1116251.0,1274454.0,1495385
87,87,160,160,160,160,160,160,1560000.0,התשבי,27,2,80,0,3,0,1.0,0.0,0.0,1.0,0.0,0.0,0.0,0.0,0.0,2,1,1,0,0,1018250.0,988333.0,1091500.0,1151174.0,1218615.0,1343087.0,1112500.0,1041738.0,1175000.0,920000.0,1395000.0,1250000.0,1554375.0,1823832
88,88,163,163,163,163,163,163,1990000.0,ויצו 9,2,2,80,0,3,1,1.0,1.0,1.0,1.0,1.0,1.0,1.0,1.0,1.0,4,2,1,0,0,700000.0,842832.0,977879.0,1031341.0,1091762.0,1203277.0,1445841.0,1353877.0,1441708.0,1397898.0,1698592.0,1793450.0,2032242.0,2384539
89,89,164,164,164,164,164,164,1480000.0,ויקטור הוגו 8,35,1,79,0,2,0,1.0,1.0,0.0,1.0,0.0,0.0,0.0,0.0,0.0,3,1,0,0,0,708910.0,822500.0,954289.0,1006462.0,1065425.0,1174250.0,1410963.0,1015000.0,1080847.0,1048002.0,1273432.0,1344547.0,1523569.0,1787685
90,90,165,165,165,165,165,165,2290000.0,ויתקין,5,4,80,1,6,1,1.0,0.0,1.0,1.0,1.0,1.0,0.0,1.0,0.0,4,1,0,0,0,805874.0,935000.0,1084815.0,1144124.0,1211152.0,1334862.0,1645726.0,1541048.0,1641022.0,1400000.0,1701146.0,1796147.0,2035299.0,2388126
91,91,167,167,167,167,167,167,890000.0,ורבורג,36,3,68,0,3,1,1.0,1.0,0.0,1.0,0.0,0.0,0.0,1.0,0.0,2,2,0,0,0,234260.0,410832.0,476659.0,415000.0,452250.0,822775.0,587833.0,540000.0,575032.0,557558.0,500000.0,648727.0,683714.0,850000
92,92,168,168,168,168,168,168,1181866.0,ורבורג,1,2,60,0,3,0,1.0,0.0,0.0,1.0,0.0,0.0,0.0,0.0,0.0,2,1,0,0,0,234260.0,410832.0,476659.0,415000.0,452250.0,822775.0,587833.0,540000.0,575032.0,557558.0,500000.0,648727.0,683714.0,850000
93,93,169,169,169,169,169,169,710000.0,ורבורג,36,3,62,0,3,0,0.0,0.0,0.0,0.0,0.0,0.0,0.0,0.0,0.0,2,1,0,0,0,234260.0,410832.0,476659.0,415000.0,452250.0,822775.0,587833.0,540000.0,575032.0,557558.0,500000.0,648727.0,683714.0,850000
94,94,174,174,174,174,174,174,799000.0,זאב בנין 13,21,1,0,0,4,1,1.0,0.0,0.0,0.0,0.0,0.0,0.0,1.0,1.0,2,1,0,0,0,241331.0,280000.0,324864.0,342625.0,362697.0,399743.0,480325.0,449773.0,478951.0,464396.0,500000.0,565000.0,700000.0,740000
95,95,178,178,178,178,178,178,990000.0,זבולון,39,2,80,0,3,0,1.0,0.0,0.0,1.0,0.0,0.0,0.0,0.0,0.0,3,2,0,0,0,393240.0,456250.0,529355.0,420948.0,445609.0,491124.0,590128.0,552592.0,830000.0,875000.0,815000.0,736500.0,834562.0,979236
96,96,188,188,188,188,188,188,1299000.0,חברון,22,1,85,3,3,0,1.0,1.0,0.0,1.0,0.0,0.0,0.0,0.0,1.0,3,2,0,0,0,395000.0,430000.0,498899.0,526174.0,556999.0,613892.0,737644.0,690725.0,735535.0,420000.0,510343.0,655000.0,742211.0,870876
97,97,190,190,190,190,190,190,900000.0,חוסן,8,1,80,0,4,0,0.0,0.0,0.0,0.0,0.0,0.0,0.0,0.0,0.0,3,2,0,0,0,133333.0,225000.0,290000.0,305854.0,440000.0,484942.0,582699.0,545636.0,581033.0,563376.0,513750.0,450000.0,509916.0,598312
98,98,192,192,192,192,192,192,2450000.0,חורב,5,3,82,1,6,1,1.0,0.0,1.0,0.0,1.0,1.0,1.0,0.0,0.0,4,1,0,0,0,705000.0,1283657.0,1300225.0,1371311.0,1451649.0,1599924.0,1300000.0,1300000.0,1330000.0,1289584.0,1233333.0,1375000.0,1197500.0,1765000
99,99,194,194,194,194,194,194,1350000.0,חזקיהו המלך,8,3,73,0,4,0,1.0,0.0,0.0,1.0,0.0,0.0,1.0,1.0,1.0,3,1,0,0,4,506675.0,587860.0,620000.0,450000.0,520000.0,560000.0,672888.0,630088.0,805000.0,780538.0,825000.0,905222.0,1056000.0,1239061
100,100,197,197,197,197,197,197,1330000.0,חים ברלב,8,2,70,1,6,1,1.0,0.0,1.0,0.0,1.0,1.0,1.0,0.0,0.0,3,0,1,0,0,542630.0,629577.0,663998.0,702899.0,774695.0,930864.0,871656.0,928205.0,900000.0,1030000.0,1070000.0,1059600.0,1298333.0,1523404
101,101,198,198,198,198,198,198,1400000.0,חים ברלב 15,14,5,67,2,6,1,1.0,0.0,0.0,1.0,0.0,1.0,1.0,0.0,0.0,3,1,0,0,0,456198.0,529295.0,558233.0,590938.0,651299.0,782593.0,732816.0,780357.0,756644.0,919402.0,970747.0,1100000.0,1246461.0,1462540
102,102,200,200,200,200,200,200,2000000.0,חים הזז 3,41,12,93,0,0,1,1.0,0.0,1.0,1.0,1.0,1.0,1.0,0.0,1.0,0,2,0,0,0,740809.0,859510.0,906502.0,959610.0,1057628.0,1270832.0,1190000.0,1114309.0,1240000.0,1202319.0,1460943.0,1125000.0,1274790.0,1495780
103,103,201,201,201,201,201,201,870000.0,חיפה,8,1,52,0,1,0,0.0,0.0,0.0,0.0,0.0,0.0,0.0,0.0,0.0,2,1,0,0,0,803090.0,931770.0,1347950.0,918333.0,735000.0,841790.0,1396249.0,990961.0,875707.0,595000.0,1134680.0,1198046.0,1357562.0,1592900
104,104,202,202,202,202,202,202,1150000.0,חיפה,8,2,65,0,3,0,1.0,1.0,0.0,1.0,0.0,0.0,1.0,0.0,1.0,3,1,0,0,0,803090.0,931770.0,1347950.0,918333.0,735000.0,841790.0,1396249.0,990961.0,875707.0,595000.0,1134680.0,1198046.0,1357562.0,1592900
105,105,203,203,203,203,203,203,1237760.0,חיפה,8,1,100,2,5,1,1.0,1.0,1.0,1.0,1.0,1.0,1.0,1.0,1.0,2,2,0,0,0,803090.0,931770.0,1347950.0,918333.0,735000.0,841790.0,1396249.0,990961.0,875707.0,595000.0,1134680.0,1198046.0,1357562.0,1592900
106,106,204,204,204,204,204,204,950000.0,חיפה,8,2,75,1,2,0,1.0,1.0,0.0,1.0,0.0,0.0,0.0,0.0,0.0,3,1,1,0,0,803090.0,931770.0,1347950.0,918333.0,735000.0,841790.0,1396249.0,990961.0,875707.0,595000.0,1134680.0,1198046.0,1357562.0,1592900
107,107,205,205,205,205,205,205,990000.0,חיפה,8,4,55,0,4,0,0.0,0.0,0.0,0.0,0.0,0.0,0.0,0.0,0.0,2,1,0,0,0,803090.0,931770.0,1347950.0,918333.0,735000.0,841790.0,1396249.0,990961.0,875707.0,595000.0,1134680.0,1198046.0,1357562.0,1592900
108,108,206,206,206,206,206,206,1240000.0,חיפה,8,2,64,1,3,0,1.0,0.0,0.0,1.0,0.0,0.0,0.0,0.0,0.0,3,2,0,0,0,803090.0,931770.0,1347950.0,918333.0,735000.0,841790.0,1396249.0,990961.0,875707.0,595000.0,1134680.0,1198046.0,1357562.0,1592900
109,109,207,207,207,207,207,207,990000.0,חיפה,8,3,60,0,3,0,1.0,1.0,0.0,0.0,0.0,0.0,0.0,0.0,1.0,2,0,0,0,0,803090.0,931770.0,1347950.0,918333.0,735000.0,841790.0,1396249.0,990961.0,875707.0,595000.0,1134680.0,1198046.0,1357562.0,1592900
110,110,208,208,208,208,208,208,1399000.0,חיפה,8,3,75,0,4,0,0.0,1.0,0.0,1.0,0.0,0.0,1.0,0.0,0.0,2,1,0,0,0,803090.0,931770.0,1347950.0,918333.0,735000.0,841790.0,1396249.0,990961.0,875707.0,595000.0,1134680.0,1198046.0,1357562.0,1592900
111,111,212,212,212,212,212,212,890000.0,חיפה,8,3,80,2,3,0,0.0,0.0,0.0,0.0,0.0,0.0,0.0,0.0,1.0,2,0,0,0,0,803090.0,931770.0,1347950.0,918333.0,735000.0,841790.0,1396249.0,990961.0,875707.0,595000.0,1134680.0,1198046.0,1357562.0,1592900
112,112,213,213,213,213,213,213,1237760.0,חיפה,8,5,80,1,8,0,1.0,0.0,1.0,1.0,1.0,0.0,1.0,0.0,0.0,2,0,0,0,0,803090.0,931770.0,1347950.0,918333.0,735000.0,841790.0,1396249.0,990961.0,875707.0,595000.0,1134680.0,1198046.0,1357562.0,1592900
113,113,214,214,214,214,214,214,1200000.0,חיפה,8,3,80,1,5,0,1.0,0.0,1.0,0.0,0.0,1.0,1.0,0.0,0.0,2,1,0,0,0,803090.0,931770.0,1347950.0,918333.0,735000.0,841790.0,1396249.0,990961.0,875707.0,595000.0,1134680.0,1198046.0,1357562.0,1592900
114,114,216,216,216,216,216,216,1650000.0,חיפה,8,1,50,1,3,0,1.0,1.0,0.0,0.0,0.0,0.0,0.0,0.0,1.0,2,1,0,0,0,803090.0,931770.0,1347950.0,918333.0,735000.0,841790.0,1396249.0,990961.0,875707.0,595000.0,1134680.0,1198046.0,1357562.0,1592900
115,115,217,217,217,217,217,217,1550000.0,חיפה,8,1,63,1,5,1,1.0,0.0,1.0,0.0,1.0,1.0,0.0,0.0,0.0,4,2,0,0,0,803090.0,931770.0,1347950.0,918333.0,735000.0,841790.0,1396249.0,990961.0,875707.0,595000.0,1134680.0,1198046.0,1357562.0,1592900
116,116,218,218,218,218,218,218,1150000.0,חיפה,8,2,71,0,4,0,1.0,0.0,0.0,1.0,0.0,0.0,0.0,0.0,0.0,2,1,0,0,0,803090.0,931770.0,1347950.0,918333.0,735000.0,841790.0,1396249.0,990961.0,875707.0,595000.0,1134680.0,1198046.0,1357562.0,1592900
117,117,219,219,219,219,219,219,820000.0,חיפה,8,1,72,0,3,0,1.0,0.0,0.0,1.0,0.0,0.0,1.0,1.0,0.0,3,0,0,0,0,803090.0,931770.0,1347950.0,918333.0,735000.0,841790.0,1396249.0,990961.0,875707.0,595000.0,1134680.0,1198046.0,1357562.0,1592900
118,118,220,220,220,220,220,220,1440000.0,חיפה,8,13,60,1,2,1,1.0,0.0,1.0,1.0,1.0,0.0,0.0,0.0,0.0,4,0,0,0,0,803090.0,931770.0,1347950.0,918333.0,735000.0,841790.0,1396249.0,990961.0,875707.0,595000.0,1134680.0,1198046.0,1357562.0,1592900
119,119,222,222,222,222,222,222,880000.0,חיפה,8,1,70,1,3,0,1.0,1.0,0.0,1.0,0.0,0.0,1.0,1.0,1.0,2,2,0,0,0,803090.0,931770.0,1347950.0,918333.0,735000.0,841790.0,1396249.0,990961.0,875707.0,595000.0,1134680.0,1198046.0,1357562.0,1592900
120,120,223,223,223,223,223,223,1420000.0,חיפה,8,3,70,0,3,1,1.0,0.0,0.0,1.0,0.0,0.0,0.0,0.0,0.0,2,2,0,0,0,803090.0,931770.0,1347950.0,918333.0,735000.0,841790.0,1396249.0,990961.0,875707.0,595000.0,1134680.0,1198046.0,1357562.0,1592900
121,121,224,224,224,224,224,224,1150000.0,חיפה,8,10,85,0,4,1,1.0,1.0,1.0,0.0,0.0,0.0,1.0,0.0,0.0,3,0,1,0,0,803090.0,931770.0,1347950.0,918333.0,735000.0,841790.0,1396249.0,990961.0,875707.0,595000.0,1134680.0,1198046.0,1357562.0,1592900
122,122,225,225,225,225,225,225,890000.0,חיפה,8,4,90,1,6,1,1.0,1.0,1.0,1.0,1.0,1.0,1.0,1.0,0.0,3,2,0,0,0,803090.0,931770.0,1347950.0,918333.0,735000.0,841790.0,1396249.0,990961.0,875707.0,595000.0,1134680.0,1198046.0,1357562.0,1592900
123,123,226,226,226,226,226,226,1237760.0,חיפה,8,1,65,0,3,0,1.0,1.0,0.0,1.0,0.0,0.0,0.0,0.0,0.0,2,2,0,0,0,803090.0,931770.0,1347950.0,918333.0,735000.0,841790.0,1396249.0,990961.0,875707.0,595000.0,1134680.0,1198046.0,1357562.0,1592900
124,124,234,234,234,234,234,234,1090000.0,חיפה,8,12,75,0,8,0,1.0,0.0,1.0,0.0,1.0,0.0,0.0,1.0,1.0,3,2,0,0,0,803090.0,931770.0,1347950.0,918333.0,735000.0,841790.0,1396249.0,990961.0,875707.0,595000.0,1134680.0,1198046.0,1357562.0,1592900
125,125,237,237,237,237,237,237,1230000.0,חיפה,8,3,70,1,7,1,0.0,0.0,1.0,1.0,1.0,1.0,1.0,0.0,0.0,4,2,1,0,0,803090.0,931770.0,1347950.0,918333.0,735000.0,841790.0,1396249.0,990961.0,875707.0,595000.0,1134680.0,1198046.0,1357562.0,1592900
126,126,239,239,239,239,239,239,1170000.0,חניתה,42,3,75,1,3,0,1.0,0.0,0.0,1.0,0.0,0.0,0.0,0.0,0.0,2,0,0,0,0,631875.0,710714.0,579514.0,702857.0,1035000.0,845880.0,841000.0,1090000.0,906250.0,890000.0,990111.0,948533.0,1074181.0,1295000
127,127,241,241,241,241,241,241,1350000.0,חניתה,42,7,100,0,8,0,0.0,0.0,1.0,1.0,1.0,0.0,1.0,0.0,0.0,1,2,0,0,0,631875.0,710714.0,579514.0,702857.0,1035000.0,845880.0,841000.0,1090000.0,906250.0,890000.0,990111.0,948533.0,1074181.0,1295000
128,128,242,242,242,242,242,242,1290000.0,חניתה 54,42,3,69,0,4,0,1.0,0.0,0.0,1.0,0.0,0.0,0.0,0.0,0.0,3,1,0,0,0,610000.0,734467.0,852151.0,640000.0,677494.0,746695.0,897218.0,840149.0,894653.0,867466.0,950000.0,875000.0,720333.0,1025000
129,129,245,245,245,245,245,245,1100000.0,טבריה,22,2,75,0,0,0,0.0,0.0,1.0,0.0,0.0,0.0,0.0,0.0,0.0,0,0,0,0,0,204304.0,237040.0,250000.0,497500.0,325000.0,690000.0,779000.0,729451.0,776773.0,753168.0,915177.0,649166.0,951666.0,1100000
130,130,249,249,249,249,249,249,1700000.0,טרומן הנשיא,1,5,70,0,7,0,1.0,0.0,1.0,1.0,1.0,0.0,0.0,1.0,1.0,3,2,1,0,0,496912.0,576533.0,608054.0,643677.0,709424.0,852435.0,798216.0,850000.0,760000.0,736905.0,895416.0,945420.0,1071300.0,1257014
131,131,252,252,252,252,252,252,1395000.0,טשרניחובסקי,35,0,75,0,4,0,1.0,1.0,0.0,1.0,0.0,0.0,1.0,0.0,1.0,2,1,0,0,0,758720.0,880291.0,950000.0,937500.0,1131666.0,1072000.0,1501501.0,1173111.0,1225000.0,1187775.0,1373750.0,1285000.0,1341250.0,1480000
132,132,253,253,253,253,253,253,1150000.0,יהודה בורלא,7,1,70,0,6,0,1.0,0.0,0.0,1.0,0.0,0.0,0.0,0.0,0.0,2,2,0,0,0,498625.0,609441.0,659000.0,725000.0,804000.0,800833.0,933750.0,1000000.0,919333.0,790000.0,943500.0,915041.0,1059196.0,1058333
133,133,254,254,254,254,254,254,1160000.0,יהודה בורלא,7,3,60,0,7,0,1.0,0.0,0.0,1.0,0.0,0.0,0.0,1.0,1.0,3,0,0,0,0,498625.0,609441.0,659000.0,725000.0,804000.0,800833.0,933750.0,1000000.0,919333.0,790000.0,943500.0,915041.0,1059196.0,1058333
134,134,255,255,255,255,255,255,1150000.0,יהודה בורלא,7,4,66,0,4,0,0.0,0.0,0.0,0.0,0.0,0.0,0.0,0.0,0.0,3,0,1,0,0,498625.0,609441.0,659000.0,725000.0,804000.0,800833.0,933750.0,1000000.0,919333.0,790000.0,943500.0,915041.0,1059196.0,1058333
135,135,259,259,259,259,259,259,570000.0,יהודה בן,22,4,60,0,4,0,1.0,0.0,0.0,0.0,0.0,0.0,0.0,0.0,0.0,2,1,0,0,0,200000.0,431500.0,502000.0,486666.0,481250.0,618000.0,417500.0,660000.0,618333.0,775000.0,581000.0,689250.0,726250.0,835000
136,136,260,260,260,260,260,260,720000.0,יהודה בן,25,1,80,0,4,0,1.0,1.0,0.0,1.0,0.0,0.0,1.0,0.0,1.0,3,0,0,0,0,200000.0,431500.0,502000.0,486666.0,481250.0,618000.0,417500.0,660000.0,618333.0,775000.0,581000.0,689250.0,726250.0,835000
137,137,261,261,261,261,261,261,1050000.0,יהודה בן,22,3,90,1,3,0,1.0,0.0,0.0,0.0,0.0,0.0,0.0,0.0,1.0,2,1,0,0,0,200000.0,431500.0,502000.0,486666.0,481250.0,618000.0,417500.0,660000.0,618333.0,775000.0,581000.0,689250.0,726250.0,835000
138,138,262,262,262,262,262,262,950000.0,יהודה בן 17,22,4,53,1,5,0,1.0,0.0,0.0,1.0,0.0,0.0,0.0,0.0,1.0,0,1,1,0,0,335815.0,389623.0,410925.0,435000.0,460484.0,550000.0,660872.0,618836.0,658982.0,638957.0,776399.0,665000.0,753542.0,884171
139,139,265,265,265,265,265,265,950000.0,יוסף 36,9,3,53,2,3,0,1.0,1.0,0.0,1.0,0.0,0.0,0.0,0.0,0.0,3,2,0,0,0,379234.0,440000.0,510501.0,490000.0,518706.0,571688.0,850000.0,795935.0,847570.0,821814.0,998590.0,1054356.0,1194740.0,1401853
140,140,266,266,266,266,266,266,2300000.0,יותם,8,1,90,1,3,0,0.0,1.0,0.0,0.0,0.0,0.0,0.0,1.0,0.0,2,0,0,0,0,900682.0,1045000.0,1212441.0,1278727.0,1353641.0,1491905.0,1520000.0,1350000.0,1437580.0,1475000.0,1255000.0,1417047.0,1858333.0,1897500
141,141,267,267,267,267,267,267,1690000.0,יותם 34,8,0,65,0,4,0,1.0,1.0,0.0,1.0,0.0,0.0,0.0,0.0,0.0,2,2,0,0,0,900682.0,1045000.0,1212441.0,1278727.0,1353641.0,1491905.0,1520000.0,1350000.0,1437580.0,1475000.0,1255000.0,1417047.0,1858333.0,1897500
142,142,271,271,271,271,271,271,1100000.0,ילג,13,3,75,1,3,0,1.0,1.0,0.0,1.0,0.0,0.0,0.0,0.0,1.0,3,1,0,0,0,260637.0,302400.0,450000.0,424000.0,448840.0,558333.0,543333.0,508773.0,640000.0,860000.0,600000.0,786250.0,742500.0,871215
143,143,272,272,272,272,272,272,1040000.0,ילג,8,2,70,0,4,0,1.0,0.0,0.0,0.0,0.0,0.0,0.0,0.0,0.0,2,2,0,0,0,260637.0,302400.0,450000.0,424000.0,448840.0,558333.0,543333.0,508773.0,640000.0,860000.0,600000.0,786250.0,742500.0,871215
144,144,274,274,274,274,274,274,1250000.0,יפו דרך,24,0,90,1,3,0,1.0,0.0,0.0,0.0,0.0,0.0,0.0,0.0,0.0,2,1,0,0,0,370000.0,307777.0,280000.0,535000.0,566343.0,611666.0,734969.0,688220.0,810000.0,785386.0,954326.0,1007620.0,1141781.0,1339713
145,145,275,275,275,275,275,275,1340000.0,יפו דרך,8,4,70,0,4,0,1.0,0.0,0.0,0.0,0.0,0.0,0.0,0.0,0.0,2,1,0,0,0,370000.0,307777.0,280000.0,535000.0,566343.0,611666.0,734969.0,688220.0,810000.0,785386.0,954326.0,1007620.0,1141781.0,1339713
146,146,276,276,276,276,276,276,1500000.0,יפו דרך,24,8,85,1,9,1,1.0,1.0,1.0,1.0,1.0,1.0,0.0,1.0,1.0,4,1,1,0,0,370000.0,307777.0,280000.0,535000.0,566343.0,611666.0,734969.0,688220.0,810000.0,785386.0,954326.0,1007620.0,1141781.0,1339713
147,147,278,278,278,278,278,278,1430000.0,ישעיהו,38,2,82,1,4,0,1.0,0.0,0.0,1.0,0.0,0.0,1.0,0.0,0.0,3,2,0,0,0,520000.0,627500.0,728044.0,900000.0,845000.0,810000.0,920000.0,861482.0,917369.0,1200000.0,570000.0,960300.0,1170000.0,1220000
148,148,279,279,279,279,279,279,1250000.0,ישעיהו,38,4,70,0,0,0,1.0,0.0,0.0,0.0,0.0,0.0,1.0,0.0,0.0,0,0,0,0,0,520000.0,627500.0,728044.0,900000.0,845000.0,810000.0,920000.0,861482.0,917369.0,1200000.0,570000.0,960300.0,1170000.0,1220000
149,149,280,280,280,280,280,280,1275000.0,ישעיהו 14,38,3,67,0,7,0,1.0,0.0,0.0,1.0,0.0,0.0,1.0,0.0,0.0,3,1,1,0,0,520000.0,627500.0,728044.0,900000.0,845000.0,810000.0,920000.0,861482.0,917369.0,1200000.0,570000.0,960300.0,1170000.0,1220000
150,150,281,281,281,281,281,281,970000.0,כבירים 47,45,2,58,0,3,1,1.0,1.0,0.0,0.0,0.0,1.0,1.0,0.0,0.0,2,2,0,0,0,445383.0,516748.0,545000.0,574796.0,608470.0,670620.0,805808.0,754554.0,803505.0,779088.0,946673.0,999540.0,820000.0,962150
151,151,282,282,282,282,282,282,1099000.0,כברי,1,7,72,0,8,1,1.0,0.0,1.0,1.0,1.0,0.0,0.0,1.0,1.0,3,2,1,0,0,335000.0,393750.0,456840.0,569500.0,602864.0,672500.0,700000.0,655476.0,800000.0,775689.0,942543.0,701500.0,644666.0,756421
152,152,283,283,283,283,283,283,1181866.0,כברי 10,1,8,61,0,8,0,1.0,1.0,1.0,1.0,0.0,0.0,0.0,0.0,0.0,3,1,0,0,0,310000.0,367500.0,426384.0,449695.0,476040.0,680000.0,817078.0,765107.0,800000.0,775689.0,942543.0,701500.0,400000.0,469341
153,153,286,286,286,286,286,286,1880000.0,כיכר הינריך הינה,28,3,80,0,3,0,1.0,0.0,0.0,0.0,0.0,0.0,0.0,0.0,0.0,2,0,0,0,0,964920.0,1119530.0,1180738.0,1249912.0,1377582.0,1655285.0,1550000.0,1451411.0,1545570.0,1498603.0,1820959.0,1922651.0,2178646.0,2556323
154,154,291,291,291,291,291,291,1290000.0,כל ישראל חברים,35,3,70,0,3,0,1.0,1.0,0.0,1.0,0.0,0.0,0.0,0.0,0.0,3,0,1,0,0,750000.0,693750.0,804910.0,750000.0,885000.0,790000.0,949253.0,965000.0,1027603.0,932500.0,890000.0,1115428.0,1206250.0,1415358
155,155,297,297,297,297,297,297,1365000.0,לבנים יד דרך,46,3,80,1,7,0,0.0,0.0,1.0,1.0,0.0,1.0,1.0,0.0,0.0,4,2,0,0,0,354444.0,372115.0,461130.0,515833.0,553875.0,587646.0,674866.0,650390.0,626468.0,736875.0,753307.0,795375.0,901276.0,1057515
156,156,299,299,299,299,299,299,980000.0,לבנים יד דרך,46,2,80,0,2,0,1.0,0.0,0.0,1.0,0.0,0.0,0.0,0.0,0.0,2,0,1,0,0,354444.0,372115.0,461130.0,515833.0,553875.0,587646.0,674866.0,650390.0,626468.0,736875.0,753307.0,795375.0,901276.0,1057515
157,157,300,300,300,300,300,300,959545.0,לבנים יד דרך,21,1,87,1,3,0,1.0,0.0,0.0,1.0,0.0,0.0,0.0,1.0,0.0,2,0,0,0,0,354444.0,372115.0,461130.0,515833.0,553875.0,587646.0,674866.0,650390.0,626468.0,736875.0,753307.0,795375.0,901276.0,1057515
158,158,301,301,301,301,301,301,1248678.0,לבנים יד דרך,8,5,70,0,6,1,1.0,0.0,1.0,0.0,1.0,1.0,1.0,1.0,0.0,2,0,0,0,0,354444.0,372115.0,461130.0,515833.0,553875.0,587646.0,674866.0,650390.0,626468.0,736875.0,753307.0,795375.0,901276.0,1057515
159,159,305,305,305,305,305,305,1250000.0,לבנים יד דרך 125,8,10,70,0,5,1,1.0,0.0,1.0,1.0,1.0,1.0,1.0,0.0,0.0,2,2,0,0,0,510761.0,592601.0,625000.0,659170.0,697787.0,685000.0,823086.0,800000.0,851899.0,826011.0,825000.0,871072.0,987052.0,1158161
160,160,309,309,309,309,309,309,1499999.0,לחם בית 47,38,1,59,0,4,0,1.0,0.0,0.0,0.0,0.0,0.0,1.0,1.0,0.0,3,2,0,0,0,612913.0,711121.0,750000.0,791004.0,837345.0,800000.0,900000.0,842754.0,1145000.0,1110206.0,961666.0,967500.0,1096319.0,1286370
161,161,310,310,310,310,310,310,1248678.0,ליאון בלום,8,10,76,0,0,1,1.0,0.0,1.0,1.0,1.0,1.0,0.0,1.0,0.0,2,1,0,0,0,488747.0,567060.0,598063.0,633101.0,697768.0,838429.0,785101.0,836034.0,810629.0,985000.0,1196878.0,1263718.0,1431978.0,1680217
162,162,311,311,311,311,311,311,1150000.0,ליאון בלום,47,1,70,0,0,0,1.0,0.0,1.0,0.0,1.0,0.0,0.0,0.0,0.0,2,2,0,0,0,488747.0,567060.0,598063.0,633101.0,697768.0,838429.0,785101.0,836034.0,810629.0,985000.0,1196878.0,1263718.0,1431978.0,1680217
163,163,312,312,312,312,312,312,2490000.0,ליונל וטסון,48,1,100,1,3,1,1.0,1.0,1.0,0.0,1.0,1.0,1.0,0.0,0.0,4,1,0,0,0,588910.0,683272.0,720628.0,762847.0,840767.0,1010255.0,945998.0,1007369.0,976758.0,1186864.0,1253146.0,1420000.0,1609069.0,1888007
164,164,314,314,314,314,314,314,1350000.0,מונטיפיורי 21,16,3,80,1,4,0,1.0,0.0,0.0,0.0,0.0,0.0,0.0,0.0,0.0,0,1,1,0,0,476934.0,553354.0,583608.0,617799.0,680903.0,818165.0,766126.0,815828.0,791037.0,961193.0,1014872.0,1150000.0,1303119.0,1529019
165,165,316,316,316,316,316,316,2200000.0,מוריה,28,1,75,1,4,1,1.0,1.0,1.0,1.0,1.0,1.0,1.0,1.0,0.0,4,1,0,0,0,830212.0,1013333.0,1200000.0,1230000.0,1302059.0,1435054.0,1350000.0,1316666.0,1402083.0,1359477.0,1651906.0,1580600.0,1791052.0,2025000
166,166,319,319,319,319,319,319,1600000.0,מחל,1,6,87,1,0,1,0.0,0.0,1.0,1.0,0.0,1.0,0.0,0.0,0.0,3,1,0,0,4,274166.0,398333.0,390500.0,388333.0,526040.0,571501.0,681750.0,612300.0,711250.0,750000.0,691666.0,734095.0,952800.0,972500
167,167,320,320,320,320,320,320,885000.0,מחל,1,3,60,0,0,0,0.0,1.0,0.0,1.0,0.0,0.0,0.0,1.0,0.0,0,0,0,0,4,274166.0,398333.0,390500.0,388333.0,526040.0,571501.0,681750.0,612300.0,711250.0,750000.0,691666.0,734095.0,952800.0,972500
168,168,321,321,321,321,321,321,940000.0,מחל,1,1,65,0,4,1,1.0,1.0,0.0,1.0,0.0,0.0,0.0,1.0,0.0,3,2,0,0,4,274166.0,398333.0,390500.0,388333.0,526040.0,571501.0,681750.0,612300.0,711250.0,750000.0,691666.0,734095.0,952800.0,972500
169,169,322,322,322,322,322,322,1100000.0,מחל 33,1,1,0,0,4,0,0.0,0.0,0.0,0.0,0.0,0.0,0.0,0.0,0.0,2,0,0,0,0,227993.0,264525.0,278988.0,295333.0,325500.0,391117.0,366240.0,390000.0,415300.0,402680.0,489298.0,836666.0,930000.0,525000
170,170,324,324,324,324,324,324,1270000.0,מחל 39,1,0,46,0,4,0,1.0,1.0,1.0,1.0,1.0,1.0,1.0,1.0,0.0,3,1,1,0,0,250000.0,301011.0,349242.0,368335.0,389913.0,429739.0,516368.0,483524.0,514892.0,499245.0,606634.0,837500.0,949010.0,1113524
171,171,326,326,326,326,326,326,1200000.0,מחל 9,1,3,49,0,3,0,1.0,0.0,0.0,0.0,0.0,0.0,0.0,0.0,1.0,3,2,0,0,0,272057.0,315650.0,332908.0,352412.0,388409.0,466708.0,437023.0,465375.0,451234.0,548297.0,578918.0,656000.0,743344.0,872205
172,172,329,329,329,329,329,329,1070000.0,מימון הרב,10,2,70,0,4,0,0.0,0.0,0.0,0.0,0.0,0.0,0.0,0.0,0.0,2,2,0,0,0,523219.0,607055.0,640245.0,677754.0,746982.0,897564.0,840474.0,895000.0,955000.0,950000.0,810000.0,921041.0,989666.0,1161228
173,173,332,332,332,332,332,332,1925000.0,מנדל זינגר,41,7,70,0,8,1,1.0,0.0,1.0,0.0,1.0,1.0,0.0,1.0,0.0,2,0,1,0,0,1021522.0,1185202.0,1250000.0,1251000.0,1324289.0,1459555.0,1753781.0,1642230.0,1748768.0,1695627.0,1250000.0,1625000.0,1841364.0,2160571
174,174,333,333,333,333,333,333,1850000.0,מנדל זינגר 20,41,9,81,0,0,1,1.0,0.0,1.0,0.0,1.0,1.0,0.0,1.0,1.0,2,1,1,0,0,587431.0,681556.0,718819.0,760932.0,838656.0,1007719.0,943623.0,1004840.0,974306.0,1183885.0,1250000.0,1319806.0,1495534.0,1754790
175,175,334,334,334,334,334,334,1070000.0,מסדה,8,1,65,0,3,0,0.0,0.0,0.0,0.0,0.0,0.0,0.0,0.0,0.0,3,2,0,0,0,373333.0,515000.0,512500.0,605092.0,747500.0,722500.0,769300.0,720368.0,767101.0,743790.0,758666.0,815500.0,1011666.0,1187042
176,176,340,340,340,340,340,340,1350006.0,מרסי,8,5,74,0,0,0,1.0,0.0,1.0,0.0,1.0,1.0,0.0,0.0,0.0,0,0,0,0,0,387853.0,450000.0,522103.0,595000.0,629858.0,725000.0,625000.0,633333.0,674419.0,653925.0,850000.0,832666.0,640000.0,1378333
177,177,341,341,341,341,341,341,847525.0,מרסי 14,11,0,56,0,5,0,1.0,0.0,0.0,1.0,0.0,0.0,1.0,1.0,0.0,3,1,0,0,0,422624.0,490342.0,517151.0,547449.0,603368.0,725000.0,871150.0,633333.0,674419.0,653925.0,850000.0,825000.0,934846.0,1096905
178,178,342,342,342,342,342,342,900000.0,משאש יוסף הרב,14,5,74,0,8,0,0.0,0.0,0.0,1.0,1.0,0.0,0.0,1.0,0.0,2,0,1,0,0,341991.0,396789.0,418483.0,443000.0,488250.0,586675.0,549360.0,585000.0,870000.0,843562.0,555000.0,585994.0,664017.0,779127
179,179,348,348,348,348,348,348,1350000.0,נוה גנים 11,14,8,69,1,8,1,1.0,0.0,1.0,0.0,1.0,1.0,0.0,1.0,0.0,4,2,0,0,0,482459.0,559764.0,590368.0,624955.0,688790.0,827642.0,775000.0,725705.0,772784.0,749301.0,980000.0,1025000.0,1033333.0,1115000
180,180,349,349,349,349,349,349,990000.0,נוה גנים 15,8,1,71,0,8,1,1.0,1.0,1.0,0.0,1.0,1.0,0.0,0.0,0.0,3,1,0,0,0,492373.0,571267.0,602500.0,610000.0,645736.0,800000.0,961269.0,900126.0,800000.0,775689.0,942543.0,995179.0,1080000.0,1267222
181,181,350,350,350,350,350,350,1000000.0,נוה גנים 15,21,0,71,0,0,1,1.0,0.0,0.0,0.0,1.0,1.0,1.0,0.0,0.0,0,1,0,0,0,492373.0,571267.0,602500.0,610000.0,645736.0,800000.0,961269.0,900126.0,800000.0,775689.0,942543.0,995179.0,1080000.0,1267222
182,182,352,352,352,352,352,352,1880000.0,נחשון,49,1,78,0,0,0,1.0,0.0,0.0,1.0,0.0,0.0,1.0,1.0,0.0,0,0,0,0,0,1249751.0,1450000.0,1500000.0,1582008.0,1674690.0,1845747.0,2217825.0,2076758.0,2211486.0,2144284.0,2605529.0,2751036.0,3117328.0,3657729
183,183,353,353,353,353,353,353,1230000.0,ניסנבוים,42,5,65,0,7,0,1.0,0.0,1.0,0.0,1.0,0.0,0.0,1.0,0.0,3,0,1,0,0,627500.0,630000.0,639194.0,693333.0,748333.0,831500.0,864583.0,852500.0,871470.0,871250.0,773333.0,919799.0,958541.0,1000000
184,184,355,355,355,355,355,355,1350000.0,ניסנבוים,42,17,60,0,8,0,1.0,0.0,1.0,0.0,1.0,0.0,0.0,0.0,1.0,3,2,0,0,0,627500.0,630000.0,639194.0,693333.0,748333.0,831500.0,864583.0,852500.0,871470.0,871250.0,773333.0,919799.0,958541.0,1000000
185,185,356,356,356,356,356,356,1100000.0,ניסנבוים,42,1,70,0,0,0,0.0,0.0,0.0,0.0,0.0,0.0,0.0,0.0,0.0,2,0,0,0,0,627500.0,630000.0,639194.0,693333.0,748333.0,831500.0,864583.0,852500.0,871470.0,871250.0,773333.0,919799.0,958541.0,1000000
186,186,357,357,357,357,357,357,1300000.0,ניסנבוים 3,42,3,60,0,8,1,1.0,0.0,1.0,0.0,1.0,0.0,1.0,0.0,1.0,3,1,0,0,0,690000.0,830791.0,635000.0,669716.0,708951.0,820000.0,985301.0,922630.0,1050000.0,1018093.0,1237089.0,1180000.0,1337113.0,1568906
187,187,358,358,358,358,358,358,1000000.0,נפתלי אימבר 9,8,1,51,0,6,0,1.0,1.0,0.0,1.0,0.0,0.0,0.0,1.0,0.0,3,2,0,0,0,207359.0,240585.0,253739.0,268605.0,296042.0,355721.0,333096.0,354706.0,343928.0,417909.0,441248.0,500000.0,566573.0,664790
188,188,361,361,361,361,361,361,1090000.0,סטלה מאריס דרך,15,4,90,0,4,0,1.0,0.0,0.0,1.0,0.0,0.0,0.0,0.0,0.0,1,2,1,0,0,482338.0,559624.0,590220.0,624799.0,688618.0,827435.0,774806.0,825071.0,800000.0,775689.0,942543.0,995179.0,1127684.0,1323172
189,189,362,362,362,362,362,362,850000.0,סילבר הלל אבא,42,1,75,0,4,0,1.0,1.0,0.0,1.0,0.0,0.0,0.0,1.0,1.0,3,2,0,0,0,477198.0,510503.0,601865.0,651374.0,695333.0,736088.0,761458.0,812327.0,815555.0,848890.0,758137.0,804263.0,855906.0,1046833
190,190,363,363,363,363,363,363,1070000.0,סילבר הלל אבא,42,4,65,0,4,0,1.0,0.0,0.0,0.0,0.0,0.0,0.0,0.0,0.0,3,1,0,0,0,477198.0,510503.0,601865.0,651374.0,695333.0,736088.0,761458.0,812327.0,815555.0,848890.0,758137.0,804263.0,855906.0,1046833
191,191,364,364,364,364,364,364,1130000.0,סילבר הלל אבא,42,2,80,0,9,1,1.0,0.0,1.0,0.0,1.0,0.0,0.0,0.0,0.0,2,2,0,0,0,477198.0,510503.0,601865.0,651374.0,695333.0,736088.0,761458.0,812327.0,815555.0,848890.0,758137.0,804263.0,855906.0,1046833
192,192,366,366,366,366,366,366,1150000.0,סילבר הלל אבא,42,5,75,0,2,0,1.0,0.0,1.0,1.0,1.0,0.0,0.0,0.0,0.0,2,0,0,0,0,477198.0,510503.0,601865.0,651374.0,695333.0,736088.0,761458.0,812327.0,815555.0,848890.0,758137.0,804263.0,855906.0,1046833
193,193,367,367,367,367,367,367,1090000.0,סילבר הלל אבא,8,4,75,0,9,0,1.0,0.0,1.0,0.0,1.0,0.0,0.0,0.0,0.0,2,1,0,0,0,477198.0,510503.0,601865.0,651374.0,695333.0,736088.0,761458.0,812327.0,815555.0,848890.0,758137.0,804263.0,855906.0,1046833
194,194,368,368,368,368,368,368,1290000.0,סילבר הלל אבא,8,6,60,0,8,0,1.0,0.0,1.0,1.0,1.0,0.0,0.0,1.0,0.0,3,1,0,0,0,477198.0,510503.0,601865.0,651374.0,695333.0,736088.0,761458.0,812327.0,815555.0,848890.0,758137.0,804263.0,855906.0,1046833
195,195,369,369,369,369,369,369,750000.0,סילבר הלל אבא,42,2,65,0,8,0,1.0,1.0,0.0,0.0,0.0,0.0,0.0,0.0,0.0,3,0,0,0,0,477198.0,510503.0,601865.0,651374.0,695333.0,736088.0,761458.0,812327.0,815555.0,848890.0,758137.0,804263.0,855906.0,1046833
196,196,370,370,370,370,370,370,920000.0,סילבר הלל אבא 113,42,12,71,1,9,1,1.0,0.0,1.0,0.0,1.0,0.0,1.0,0.0,0.0,2,2,0,0,0,500000.0,546666.0,634258.0,615615.0,651680.0,840000.0,1009332.0,762600.0,800000.0,775689.0,835000.0,888000.0,889444.0,1050000
197,197,371,371,371,371,371,371,990000.0,סילבר הלל אבא 49,42,4,46,0,4,0,1.0,0.0,0.0,1.0,0.0,0.0,0.0,0.0,0.0,0,2,0,0,0,428454.0,497106.0,524284.0,555000.0,657500.0,724658.0,870739.0,815355.0,868250.0,841866.0,1022955.0,1080082.0,407500.0,478141
198,198,372,372,372,372,372,372,1070000.0,סילבר הלל אבא 53,42,2,60,0,6,0,1.0,1.0,0.0,1.0,0.0,0.0,0.0,1.0,1.0,3,1,0,0,0,477198.0,510503.0,601865.0,651374.0,695333.0,736088.0,761458.0,812327.0,815555.0,848890.0,758137.0,804263.0,855906.0,1046833
199,199,374,374,374,374,374,374,1200000.0,סילבר הלל אבא 9,42,5,70,0,8,0,1.0,0.0,0.0,1.0,0.0,0.0,0.0,1.0,1.0,3,1,0,0,0,286162.0,332014.0,350166.0,370681.0,408544.0,490902.0,459678.0,489500.0,521255.0,505415.0,614132.0,648428.0,734764.0,862138
200,200,376,376,376,376,376,376,850000.0,סירקין,32,1,65,1,3,0,1.0,0.0,0.0,0.0,0.0,0.0,0.0,0.0,0.0,3,2,0,0,0,107737.0,125000.0,250000.0,263668.0,300000.0,330642.0,397295.0,133328.0,141977.0,137662.0,650000.0,581166.0,980000.0,1149886
201,201,378,378,378,378,378,378,750000.0,סירקין,32,1,65,1,3,3,0.0,0.0,0.0,0.0,0.0,0.0,0.0,0.0,0.0,3,2,0,0,0,107737.0,125000.0,250000.0,263668.0,300000.0,330642.0,397295.0,133328.0,141977.0,137662.0,650000.0,581166.0,980000.0,1149886
202,202,381,381,381,381,381,381,1390000.0,סנש חנה,50,1,55,0,4,0,1.0,0.0,0.0,1.0,0.0,0.0,0.0,1.0,0.0,3,2,0,0,0,474043.0,550000.0,638126.0,673013.0,712441.0,790000.0,857000.0,700000.0,1000000.0,969612.0,1178180.0,878055.0,1060000.0,1243755
203,203,382,382,382,382,382,382,1282230.0,סנש חנה 1,16,2,77,1,3,0,0.0,0.0,0.0,0.0,0.0,0.0,0.0,0.0,0.0,0,2,0,0,0,387767.0,449900.0,474498.0,502297.0,553603.0,665203.0,622893.0,663303.0,643147.0,781492.0,825135.0,935000.0,1059492.0,1243159
204,204,383,383,383,383,383,383,1180000.0,סנש חנה 49,50,3,60,0,6,0,1.0,0.0,0.0,0.0,0.0,0.0,0.0,0.0,0.0,3,2,0,0,0,474043.0,550000.0,638126.0,673013.0,712441.0,790000.0,857000.0,700000.0,1000000.0,969612.0,1178180.0,878055.0,1060000.0,1243755
205,205,385,385,385,385,385,385,800000.0,עבאס,29,2,70,0,3,0,0.0,0.0,0.0,0.0,0.0,0.0,0.0,0.0,0.0,1,2,0,0,0,384500.0,332500.0,484166.0,610000.0,676666.0,692555.0,960000.0,900000.0,755250.0,905879.0,790000.0,914200.0,930833.0,1092196
206,206,386,386,386,386,386,386,1963500.0,עובדיה 37,27,1,81,1,0,1,1.0,0.0,1.0,1.0,1.0,1.0,0.0,1.0,0.0,4,0,0,0,0,822169.0,953906.0,1006059.0,1065000.0,1127393.0,1242547.0,1493028.0,1080000.0,1150064.0,1115116.0,1354982.0,1430651.0,1621138.0,1902168
207,207,387,387,387,387,387,387,1190000.0,עודד חטיבת 6,30,1,70,0,6,0,0.0,0.0,0.0,0.0,0.0,0.0,0.0,0.0,0.0,3,0,0,0,0,663216.0,769484.0,811554.0,859099.0,946850.0,1137723.0,1065358.0,1134473.0,1100000.0,1066573.0,1000000.0,1084000.0,1170000.0,1372824
208,208,388,388,388,388,388,388,875000.0,עזרא אבן,25,1,60,0,4,0,1.0,1.0,0.0,0.0,0.0,0.0,0.0,0.0,0.0,3,2,0,0,0,86275.0,100099.0,116137.0,122486.0,129661.0,417000.0,555000.0,610000.0,620000.0,1400000.0,1701146.0,1796147.0,762500.0,894682
209,209,389,389,389,389,389,389,1250000.0,עין דור,8,13,51,0,4,0,1.0,0.0,1.0,0.0,0.0,1.0,0.0,0.0,1.0,4,0,1,0,0,604301.0,701129.0,739462.0,782784.0,862740.0,1036657.0,970720.0,1033695.0,1002284.0,1217881.0,1285895.0,1357706.0,1265000.0,1484292
210,210,390,390,390,390,390,390,1300000.0,עין דור,8,6,63,1,6,0,0.0,0.0,1.0,0.0,1.0,0.0,0.0,1.0,1.0,4,0,0,0,0,604301.0,701129.0,739462.0,782784.0,862740.0,1036657.0,970720.0,1033695.0,1002284.0,1217881.0,1285895.0,1357706.0,1265000.0,1484292
211,211,392,392,392,392,392,392,1690000.0,עמק הזיתים 5,25,4,0,3,4,0,1.0,1.0,0.0,1.0,0.0,0.0,1.0,0.0,0.0,1,2,0,0,0,200716.0,232878.0,245610.0,260000.0,275232.0,303344.0,364494.0,341310.0,363452.0,352407.0,428211.0,452124.0,512323.0,601136
212,212,393,393,393,393,393,393,1190000.0,ענתות 8,38,1,62,0,4,0,0.0,0.0,0.0,0.0,0.0,0.0,0.0,0.0,0.0,2,1,0,0,0,487303.0,565384.0,596295.0,631229.0,695705.0,835950.0,782779.0,833562.0,808233.0,982088.0,1036934.0,1175000.0,1331448.0,1562259
213,213,394,394,394,394,394,394,550000.0,עציון גוש,19,1,70,0,2,0,1.0,0.0,0.0,1.0,1.0,0.0,0.0,0.0,1.0,3,2,0,0,0,116773.0,70500.0,81796.0,312500.0,330807.0,347500.0,417551.0,390992.0,416357.0,403704.0,302601.0,488333.0,687500.0,806680
214,214,395,395,395,395,395,395,460000.0,עריש אל 3,52,0,70,0,3,0,0.0,0.0,0.0,0.0,0.0,0.0,0.0,0.0,0.0,2,2,0,0,0,70688.0,82015.0,86499.0,91567.0,100920.0,121265.0,113552.0,120919.0,117245.0,142465.0,150422.0,170451.0,200000.0,234670
215,215,396,396,396,396,396,396,1100000.0,פאר,46,4,65,1,5,1,1.0,0.0,1.0,1.0,0.0,1.0,1.0,1.0,0.0,3,2,0,0,0,298625.0,361090.0,406250.0,442000.0,430000.0,539642.0,557500.0,613572.0,576111.0,640700.0,680833.0,672678.0,713652.0,837366
216,216,397,397,397,397,397,397,890000.0,פאר,46,2,70,0,4,1,1.0,0.0,0.0,0.0,0.0,0.0,1.0,0.0,0.0,2,1,0,0,0,298625.0,361090.0,406250.0,442000.0,430000.0,539642.0,557500.0,613572.0,576111.0,640700.0,680833.0,672678.0,713652.0,837366
217,217,403,403,403,403,403,403,1320000.0,פז סעדיה 30,33,2,75,0,4,0,1.0,0.0,0.0,0.0,0.0,0.0,1.0,0.0,0.0,3,0,0,0,0,232231.0,279616.0,438333.0,583333.0,680000.0,731666.0,688500.0,862500.0,918454.0,750324.0,911722.0,877500.0,961666.0,1128374
218,218,404,404,404,404,404,404,1295000.0,פלמח,30,1,70,0,7,0,1.0,1.0,0.0,0.0,0.0,0.0,0.0,0.0,0.0,2,2,0,0,0,602500.0,819166.0,665000.0,628333.0,820000.0,1001666.0,1260000.0,1300000.0,1384336.0,1342269.0,1630997.0,1175333.0,1236000.0,1450265
219,219,406,406,406,406,406,406,950000.0,פרומר דב,36,4,46,1,7,1,0.0,0.0,1.0,0.0,1.0,1.0,0.0,0.0,0.0,2,0,0,0,0,599563.0,629916.0,660380.0,717000.0,756551.0,817500.0,948333.0,1016666.0,957500.0,1015000.0,856250.0,925000.0,988750.0,1160153
220,220,407,407,407,407,407,407,1350000.0,פרומר דב 13,36,2,85,1,5,1,1.0,1.0,1.0,1.0,1.0,1.0,1.0,0.0,1.0,0,2,0,1,0,607250.0,731156.0,848309.0,894687.0,947102.0,815000.0,979293.0,917004.0,976493.0,1015000.0,1233331.0,1302207.0,1475592.0,1731391
221,221,408,408,408,408,408,408,920000.0,פרומר דב 19,36,1,71,1,6,1,1.0,1.0,1.0,1.0,1.0,1.0,0.0,1.0,1.0,3,1,0,0,0,730963.0,880112.0,1021133.0,1076960.0,773090.0,852055.0,870000.0,814663.0,867513.0,841151.0,860000.0,700000.0,695000.0,815481
222,222,409,409,409,409,409,409,1300000.0,פרומר דב 9,36,1,77,1,5,1,1.0,1.0,1.0,1.0,1.0,1.0,1.0,1.0,0.0,2,1,0,1,0,555708.0,644750.0,680000.0,717177.0,759192.0,836737.0,935000.0,985000.0,1048901.0,1017027.0,1235794.0,1304807.0,1120000.0,1314156
223,223,412,412,412,412,412,412,940000.0,צבי יצחק בן,26,2,72,0,4,0,0.0,0.0,0.0,1.0,0.0,0.0,0.0,1.0,0.0,3,0,0,0,0,400100.0,368879.0,376776.0,397375.0,415000.0,626722.0,433000.0,405458.0,562500.0,545000.0,679062.0,655583.0,776178.0,910731
224,224,414,414,414,414,414,414,1435000.0,ציון,10,1,80,0,2,0,1.0,0.0,0.0,1.0,0.0,0.0,1.0,1.0,0.0,2,0,0,0,0,1292846.0,1500000.0,1740346.0,1835494.0,835000.0,1000000.0,900000.0,842754.0,897427.0,1138032.0,925000.0,1000000.0,1133147.0,1329582
225,225,416,416,416,416,416,416,1050000.0,ציטלין אהרון 2,26,1,71,0,4,0,1.0,1.0,0.0,1.0,0.0,0.0,0.0,1.0,0.0,3,1,0,0,0,311107.0,360957.0,380692.0,402995.0,444159.0,533696.0,499750.0,532171.0,516000.0,500320.0,607941.0,641891.0,727357.0,853447
226,226,424,424,424,424,424,424,2620000.0,קורצאק יאנוש,5,4,0,1,5,2,1.0,0.0,1.0,1.0,1.0,1.0,1.0,0.0,1.0,2,2,0,0,0,525457.0,609652.0,642984.0,680654.0,750178.0,901404.0,844070.0,898829.0,871516.0,1058984.0,1118124.0,1267000.0,1582500.0,2187000
227,227,425,425,425,425,425,425,1360000.0,קליבנוב יעקב,42,1,83,0,6,0,1.0,0.0,0.0,0.0,0.0,0.0,1.0,0.0,0.0,3,1,0,0,0,558262.0,647713.0,683125.0,723146.0,797011.0,957678.0,896765.0,954942.0,925924.0,810000.0,984234.0,1039199.0,1177565.0,1381700
228,228,427,427,427,427,427,427,1130000.0,קליבנוב יעקב,8,3,75,0,0,0,0.0,0.0,0.0,0.0,0.0,0.0,0.0,0.0,0.0,0,0,0,0,0,558262.0,647713.0,683125.0,723146.0,797011.0,957678.0,896765.0,954942.0,925924.0,810000.0,984234.0,1039199.0,1177565.0,1381700
229,229,428,428,428,428,428,428,1050000.0,קסל,25,0,70,0,0,0,1.0,1.0,0.0,1.0,0.0,0.0,0.0,1.0,1.0,0,0,0,0,0,300000.0,361213.0,419090.0,501000.0,530351.0,584522.0,450000.0,421377.0,746414.0,723732.0,879410.0,875000.0,725000.0,850681
230,230,446,446,446,446,446,446,1030000.0,רב האי דוד בר,11,1,65,0,3,0,1.0,1.0,0.0,1.0,0.0,0.0,0.0,0.0,0.0,2,2,1,0,0,320000.0,395800.0,413500.0,561500.0,542755.0,598193.0,718780.0,273375.0,756424.0,733438.0,836666.0,751666.0,845866.0,992500
231,231,447,447,447,447,447,447,1060000.0,רב האי דוד בר,11,0,55,0,4,0,1.0,1.0,0.0,0.0,0.0,0.0,0.0,0.0,0.0,2,1,0,0,0,320000.0,395800.0,413500.0,561500.0,542755.0,598193.0,718780.0,273375.0,756424.0,733438.0,836666.0,751666.0,845866.0,992500
232,232,448,448,448,448,448,448,1070000.0,רב האי דוד בר,8,4,60,0,5,0,1.0,0.0,0.0,0.0,0.0,0.0,0.0,0.0,0.0,3,2,1,0,0,320000.0,395800.0,413500.0,561500.0,542755.0,598193.0,718780.0,273375.0,756424.0,733438.0,836666.0,751666.0,845866.0,992500
233,233,449,449,449,449,449,449,1200000.0,רב האי דוד בר 37,11,2,55,0,4,0,0.0,0.0,0.0,1.0,0.0,0.0,0.0,1.0,0.0,3,2,0,0,0,333851.0,387345.0,408523.0,432457.0,476630.0,572713.0,536286.0,571078.0,553725.0,672835.0,710410.0,805000.0,805200.0,944784
234,234,456,456,456,456,456,456,3150000.0,רות 17,2,1,100,0,2,1,1.0,0.0,0.0,1.0,0.0,0.0,1.0,1.0,0.0,0,2,0,0,0,925000.0,1113742.0,1292197.0,1362844.0,1050000.0,1157249.0,1390535.0,1302089.0,1386561.0,1344426.0,1633618.0,1724848.0,1954506.0,2293327
235,235,457,457,457,457,457,457,1690000.0,רחל,2,1,65,1,3,0,1.0,1.0,0.0,1.0,0.0,0.0,0.0,1.0,1.0,3,1,0,0,0,755000.0,1230000.0,800000.0,843737.0,1092500.0,1204090.0,1210000.0,1133037.0,1368000.0,1326429.0,1300000.0,1608500.0,1650000.0,1936034
236,236,458,458,458,458,458,458,2000000.0,רחל,8,2,76,1,5,1,1.0,0.0,1.0,1.0,1.0,1.0,1.0,1.0,0.0,4,1,0,0,0,755000.0,1230000.0,800000.0,843737.0,1092500.0,1204090.0,1210000.0,1133037.0,1368000.0,1326429.0,1300000.0,1608500.0,1650000.0,1936034
237,237,461,461,461,461,461,461,1170000.0,רינס 3,36,5,76,1,5,0,1.0,0.0,1.0,1.0,0.0,0.0,1.0,0.0,0.0,3,1,0,1,0,501794.0,582197.0,614027.0,650000.0,688080.0,758362.0,911237.0,853277.0,908632.0,881020.0,1070531.0,1130315.0,1280813.0,1502847
238,238,462,462,462,462,462,462,1250000.0,רינס 3,36,2,70,1,5,1,1.0,0.0,1.0,1.0,1.0,0.0,1.0,0.0,0.0,2,1,0,1,0,501794.0,582197.0,614027.0,650000.0,688080.0,758362.0,911237.0,853277.0,908632.0,881020.0,1070531.0,1130315.0,1280813.0,1502847
239,239,463,463,463,463,463,463,1420000.0,ריק חביבה,7,2,88,1,2,0,1.0,0.0,0.0,1.0,0.0,0.0,0.0,0.0,0.0,2,0,0,0,0,541291.0,628023.0,573750.0,750000.0,903144.0,995393.0,1196051.0,1119975.0,1192632.0,1156390.0,1405134.0,1483604.0,1681141.0,1972573
240,240,470,470,470,470,470,470,1300000.0,רשי,16,0,60,0,4,0,0.0,1.0,0.0,1.0,1.0,0.0,0.0,0.0,0.0,2,1,0,0,0,409401.0,475000.0,551109.0,581239.0,660000.0,727414.0,770000.0,540000.0,710000.0,688424.0,780000.0,870000.0,960000.0,1126419
241,241,477,477,477,477,477,477,1350000.0,שדה בוקר 25,1,4,65,0,4,0,1.0,0.0,0.0,1.0,0.0,0.0,1.0,0.0,0.0,3,2,0,0,0,210000.0,252849.0,293363.0,309401.0,327527.0,360981.0,433749.0,406160.0,432509.0,419366.0,509573.0,538030.0,609667.0,715355
242,242,478,478,478,478,478,478,1099000.0,שדה יצחק,8,2,75,0,4,0,1.0,1.0,0.0,0.0,0.0,0.0,0.0,0.0,0.0,2,0,0,0,0,350000.0,503000.0,530000.0,521666.0,621166.0,661250.0,873333.0,817784.0,891666.0,800000.0,755555.0,872166.0,1070462.0,820000
243,243,479,479,479,479,479,479,1020000.0,שדה יצחק,18,4,70,0,4,0,1.0,0.0,0.0,1.0,0.0,0.0,0.0,0.0,0.0,2,1,0,0,0,350000.0,503000.0,530000.0,521666.0,621166.0,661250.0,873333.0,817784.0,891666.0,800000.0,755555.0,872166.0,1070462.0,820000
244,244,481,481,481,481,481,481,1160000.0,שוקרי חסן 10,9,0,0,1,1,0,0.0,0.0,0.0,0.0,0.0,0.0,1.0,0.0,0.0,1,2,1,0,0,233350.0,280964.0,212650.0,224276.0,305000.0,336153.0,403916.0,378224.0,402760.0,390521.0,380000.0,401221.0,1497000.0,1756511
245,245,483,483,483,483,483,483,1150000.0,שטרן יוסף 7,36,4,74,0,4,1,1.0,0.0,0.0,1.0,0.0,0.0,0.0,1.0,0.0,3,2,0,0,0,333660.0,387123.0,408288.0,432208.0,476355.0,572382.0,535976.0,570748.0,553405.0,672446.0,710000.0,602500.0,743333.0,872192
246,246,485,485,485,485,485,485,780000.0,שיבת ציון,9,3,46,0,3,0,1.0,1.0,0.0,0.0,0.0,0.0,1.0,1.0,1.0,3,2,0,0,0,252159.0,292563.0,308559.0,326636.0,360000.0,396771.0,500000.0,468197.0,418250.0,405540.0,450000.0,556666.0,307666.0,361001
247,247,486,486,486,486,486,486,1420000.0,שיבת ציון 52,31,1,61,1,6,0,1.0,0.0,1.0,0.0,1.0,1.0,0.0,0.0,0.0,4,1,0,0,1,252159.0,292563.0,308559.0,326636.0,360000.0,396771.0,500000.0,468197.0,418250.0,405540.0,450000.0,556666.0,307666.0,361001
248,248,487,487,487,487,487,487,1475000.0,שלון,44,2,75,0,4,1,1.0,0.0,0.0,1.0,0.0,0.0,1.0,0.0,0.0,2,1,0,0,0,787430.0,913601.0,963550.0,1020000.0,1079756.0,1190045.0,950000.0,889574.0,947284.0,918498.0,1116071.0,1149000.0,1301986.0,1527690
249,249,490,490,490,490,490,490,1390000.0,שמואל צור בן,33,3,68,0,3,0,1.0,0.0,0.0,0.0,0.0,0.0,0.0,0.0,0.0,2,1,0,0,0,457000.0,550248.0,500000.0,638000.0,550000.0,606178.0,728375.0,682046.0,900000.0,650648.0,790605.0,1022500.0,433333.0,508453
250,250,492,492,492,492,492,492,1248678.0,שמשון,8,1,100,3,3,0,1.0,0.0,0.0,0.0,0.0,0.0,0.0,0.0,0.0,2,2,0,0,0,775707.0,900000.0,750000.0,1020215.0,1001775.0,1104098.0,1320000.0,1236040.0,1030000.0,998700.0,1133125.0,1200000.0,1430000.0,2000000
251,251,502,502,502,502,502,502,1385000.0,שערים בית 12,29,1,75,1,4,0,1.0,1.0,0.0,1.0,0.0,0.0,0.0,1.0,1.0,0,2,0,0,0,514846.0,597341.0,630000.0,664443.0,703369.0,730000.0,877158.0,821365.0,874650.0,848071.0,650000.0,686299.0,1185000.0,1390424
252,252,503,503,503,503,503,503,1076666.0,שפירא משה חים 10,36,2,65,0,3,0,1.0,1.0,0.0,1.0,0.0,0.0,0.0,1.0,0.0,3,1,0,0,0,335059.0,388746.0,410000.0,432415.0,457748.0,504503.0,606204.0,567646.0,604471.0,586102.0,712175.0,751946.0,852065.0,999773
253,253,504,504,504,504,504,504,2000000.0,שרל לוץ 32,17,3,75,3,3,0,0.0,0.0,0.0,0.0,0.0,0.0,0.0,0.0,0.0,2,2,0,0,0,645127.0,748497.0,789420.0,835669.0,921027.0,1106695.0,1036303.0,1103533.0,1070000.0,1037485.0,1260652.0,1331053.0,1508279.0,1769745
254,254,510,510,510,510,510,510,995000.0,תל אביב,4,1,75,0,4,0,0.0,0.0,0.0,0.0,0.0,0.0,0.0,0.0,0.0,2,2,0,0,0,408053.0,473436.0,499320.0,528573.0,582563.0,700000.0,841110.0,787610.0,838705.0,813218.0,988145.0,1048500.0,895000.0,1185000
